whiskeydude13,2011-08-05 21:08:06,"worksop, england",Jeez this would get a full crowd absolutely jumping!!!! #buzzing #rock #love #goodtimes #missit       https://t.co/cVZtt55gmV
kinox_and,2020-07-27 06:31:13,KINOXROYALE ,"@GiveAwayAlertNG I follow back ASAP @kinox_and 

#twitter #Tweet #love #funny #MEMES #FolloMe #followme #cute  #fun #music #viral #fup #1DDrive"
britastrophe_,2008-09-15 00:01:32,Here on Earth..,"RT @JessicaJolia: If you take your #love away from me, I‚Äôll go crazy. Then, I‚Äôll forget you ever existed. I‚Äôm a #Cancer. Duh.ü§ûüèΩ‚ôãÔ∏è https://t‚Ä¶"
SevenShepherd,2016-12-01 02:08:20,,"""And Jesus said unto him, Receive thy sight: thy faith hath saved thee."" ~Luke 18:42 #Bible #Jesus #Love"
artdablog,2012-10-22 13:07:20,,#NewMusic #dancemusic's released on #SoundCloud      #housemusic #technomusic #techno #NuDisco #Disco #electrohouse #music #Popular #trending #EDM #newsingle #musiclovers  #NewRelease #DJ #love #art #electronicmusic #NewMusicAlert #NewMusicFriday
radronin,2015-08-28 02:24:26,"McAllen, TX","RT @Iceman_Hof: Rejoice in nature. Be majestic, be free. Raise your arms like the branches, be strong like a tree.üå≥

- love Wim

#iceman #w‚Ä¶"
kinox_and,2020-07-27 06:31:13,KINOXROYALE ,"@TONTOLET I follow back ASAP @kinox_and 

#twitter #Tweet #love #funny #MEMES #FolloMe #followme #cute  #fun #music #viral #fup #1DDrive"
stayhyphy,2020-09-09 23:33:25,lost N found,"RT @Iceman_Hof: Rejoice in nature. Be majestic, be free. Raise your arms like the branches, be strong like a tree.üå≥

- love Wim

#iceman #w‚Ä¶"
kinox_and,2020-07-27 06:31:13,KINOXROYALE ,"@TONTOLET I follow back ASAP @kinox_and 

#twitter #Tweet #love #funny #MEMES #FolloMe #followme #cute  #fun #music #viral #fup #1DDrive"
AngueraRamON30,2017-12-26 23:29:00,"Reus, Espa√±a","RT @CHIPPERSONGS: üì∏: ""There are years that ask questions, and years that answer."" ‚ú®üíúüåçüé∂ - Zora Neale Hurston
#ZoraNealeHurston #quotes #inst‚Ä¶"
kinox_and,2020-07-27 06:31:13,KINOXROYALE ,"@TONTOLET I follow back ASAP @kinox_and 

#twitter #Tweet #love #funny #MEMES #FolloMe #followme #cute  #fun #music #viral #fup #1DDrive"
Alle12Cath,2018-11-30 20:37:27,United Kingdom,"RT @jmadmart: Hello and Good Morning! ‚õÖÔ∏èüèùÔ∏è 
Happy Friday to All and to All a Happy Day!!!üåºüå∏ 

Come to me...like a silent
winter's mist,
on‚Ä¶"
AngueraRamON30,2017-12-26 23:29:00,"Reus, Espa√±a","RT @CHIPPERSONGS: üì∏: It is such an amazing feeling when you find, and live joyously, in YOUR purpose. üíúüé∂‚ú®üåçüîä
@maestroliveshow 
#MaestroLiveS‚Ä¶"
Rebel4040,2020-02-21 19:03:15,"Karachi, Pakistan","About today.
#peace
#nature
#love https://t.co/zbWSfE7vTY"
ajtess12,2011-03-17 15:48:23,"Kuala Lumpur Federal Territory, Malaysia","RT @CopelandNetwork: ""Love one another with brotherly affection. Outdo one another in showing honor."" - Romans 12:10 ESV

#love #devotion #‚Ä¶"
LauraSt05038951,2018-10-18 13:20:09,Western New York,"RT @Melody_DeBlois: Undercover in Venice Beach. Release date, July 14th. Published by The Wild Rose Press. #fridaymorning #TWRP #books #New‚Ä¶"
naturalbeings01,2012-12-14 03:33:47,Florida,"RT @KariJoys: #Love grows when #Kindness is planted..

#JoyTrain #Joy #Quote #COVID19 #MentalHealth #Mindfulness #GoldenHearts #IAM #IQRTG‚Ä¶"
KardPet,2021-06-20 21:17:10,,"Early bird registration is now open.
Provide your Pet with the identification it needs. 

#cat #dog #petkard #pet #love #furry #paw #cute #fluffy #adorable https://t.co/okGEO3Jobr"
eviraldeal,2018-10-03 03:11:08,,#love #outfit Stainless Steel Anti-Skid Feeding Bowls For Pets https://t.co/t1ejfE4hJO
AngueraRamON30,2017-12-26 23:29:00,"Reus, Espa√±a","RT @CHIPPERSONGS: üôèüèæüé∂‚ú®‚ù§! 
(to be continued...)
.
.
.
#love #newmusic #musicanueva #newname #nuevonombre #soon #pronto #singer #cantante #fu‚Ä¶"
RicardoCalvrio1,2016-09-07 11:51:36,Portugal,"RT @Iceman_Hof: Rejoice in nature. Be majestic, be free. Raise your arms like the branches, be strong like a tree.üå≥

- love Wim

#iceman #w‚Ä¶"
Deborah41607169,2020-09-24 02:47:54,,"Thank you so very much for being a voice for wild horses, what can you do to help us? #love #wildhorses #thedoors @JohnDensmore @cnnbrk @CNN @FoxNews @foxnewsalert @ABCWorldNews @Nightline @ABCInvestigates https://t.co/nKVscl3J41"
IMQFT,2016-07-19 12:56:31,Worldwide,"RT @GreaterSelf_DrZ: It's never too late to find the bravery, adventure, and confidence you need to get your life in order. 

We believe in‚Ä¶"
kinox_and,2020-07-27 06:31:13,KINOXROYALE ,"@chidinmaekile I follow back ASAP @kinox_and 

#twitter #Tweet #love #funny #MEMES #FolloMe #followme #cute  #fun #music #viral #fup #1DDrive"
kinox_and,2020-07-27 06:31:13,KINOXROYALE ,"@chidinmaekile I follow back ASAP @kinox_and 

#twitter #Tweet #love #funny #MEMES #FolloMe #followme #cute  #fun #music #viral #fup #1DDrive"
CaptainRevenant,2021-04-23 10:45:27,,"Life is an adventure in forgiveness.
- Norman Cousins
#happy #books #love #inspiration #author #lifequotes #readersofinstagram"
AMCN_movie,2013-08-16 06:20:05,https://twitter.com/hashtag/Su,I #love riding on a board. #Nereus #skating https://t.co/vD9DBEqTEX
abcdefgspott,2019-11-29 09:28:31,·¥∞·µÉ·µà·µà ∏'À¢ ·µá·µÉ·∂ú·µè    ,"RT @Iceman_Hof: Rejoice in nature. Be majestic, be free. Raise your arms like the branches, be strong like a tree.üå≥

- love Wim

#iceman #w‚Ä¶"
kinox_and,2020-07-27 06:31:13,KINOXROYALE ,"@Niyiafrika02 @MutualGainAngel @UgFlavour I follow back ASAP @kinox_and 

#twitter #Tweet #love #funny #MEMES #FolloMe #followme #cute  #fun #music #viral #fup #1DDrive"
DKblunovo,2016-01-18 03:37:34,,RT @judyannewolff: A Japanese anemone for you ... hope you are not as cold as me #Englishwinter #Flowers #gardens #nature #photography #gar‚Ä¶
lifehomepets,2021-01-14 18:42:58,,"Lighted USA Flag Fan. Show your pride games, BBQ's and more. Cool off, and enjoy the breeze. 

Click the link üëâ https://t.co/SifjJkn1C7

#independenceday #patriotic #love #sale #relaxoutdoors #techie #glow #outdoorliving #poolside #liveoutdoors https://t.co/e8qTHl288m"
SurrealFida,2010-08-02 20:30:47,Swansea City,"RT @larmmy: 6 years ago, I made the decision to marry this man. Best decision ever. I love you, baby. We have forever to go! Happy annivers‚Ä¶"
kinox_and,2020-07-27 06:31:13,KINOXROYALE ,"@Niyiafrika02 @Arakunrin02 @MutualGainAngel @UgFlavour I follow back ASAP @kinox_and 

#twitter #Tweet #love #funny #MEMES #FolloMe #followme #cute  #fun #music #viral #fup #1DDrive"
Glams_Radio,2016-07-08 20:04:58,Gibraltar,#Now playing on @Glams_Radio : #Salsoul Nugget (If U Wanna) by #M&amp;S! Tune in now and enjoy sound of #DeepHouse #Love #Music
SevenShepherd,2016-12-01 02:08:20,,"""And [Jesus] entered and passed through Jericho."" ~Luke 19:1 #Love #God #Bible"
System_JO,2010-05-31 04:01:52,"Los Angeles, California","Hey there! Did you know JO keeps a blog resources of what's posted on social media? Check it all out in the link below!

https://t.co/wMzdxcFzTF

#blogger #love #instagood https://t.co/fh6mJJ42th"
GreaterSelf_DrZ,2018-06-25 02:29:03,"California, USA","It's never too late to find the bravery, adventure, and confidence you need to get your life in order. 

We believe in you! ‚ù§Ô∏è

#motivation #success #love #inspiration #training #mindset #health #coach https://t.co/d4w6kunP6n"
kinox_and,2020-07-27 06:31:13,KINOXROYALE ,"@Arakunrin02 @Niyiafrika02 @MutualGainAngel @UgFlavour I follow back ASAP @kinox_and 

#twitter #Tweet #love #funny #MEMES #FolloMe #followme #cute  #fun #music #viral #fup #1DDrive"
iamchrisferrara,2009-04-16 07:35:38,"Nashville, TN","can't beat some summertime and @whiskeyjam !

#country #nashville #cmt #livemusic #songwriter #concert
#music #song #instagood #love #pop #listentothis #goodmusic #songs #melody 
#summer
#applemusic #itunes #playlist #tidal #popmusic
#spotify #radio https://t.co/zgum97H971"
kirpal_pandit,2020-04-03 08:48:25,"Amritsar,Russia,NCR","RT @MyPowertalk: We let others
define our reality
when we habitually
dwell on problems, drama
and bad relationships.

How to make a change?‚Ä¶"
kinox_and,2020-07-27 06:31:13,KINOXROYALE ,"@Niyiafrika02 I follow back ASAP @kinox_and 

#twitter #Tweet #love #funny #MEMES #FolloMe #followme #cute  #fun #music #viral #fup #1DDrive"
browzeapp,2011-11-24 02:33:38,United States,"Meet Max, one of our always fabulous Associate Category Managers üõçÔ∏è

#business #management #businessman #staff #office 
#fashion #style #love #instafashion #outfit #shopping #design #instastyle #stylish #jewelry #cute #accessories #lifestyle #fashiongram #paris #travel https://t.co/12y9hFc0SD"
TheUHMethod,2010-11-28 19:15:45,California USA ü§üüòéüå§Ô∏è,"I am yours forever
And if my heart should somehow stop
I will find you in the next life
And every life after that
I will fill you with my love
And hold you in the everlasting light

#love poetry ‚úçÔ∏è
art by cocoparisienne on https://t.co/jPk8ZrxxDg https://t.co/Pmsge4nJBy"
bristolbyriley,2021-06-22 18:42:00,,"Aerial panorama of dockside in Bristol, UK

-----------
#bristol #uk #london #bristollife #visitbristol #igersbristol #bristoluk #bestofbristol #art #england #skinsgen #photography #cardiff #lens #bath #bristolbloggers #love #birmingham #manchester #southwest #streetart https://t.co/FPKVN2vghQ"
DrWayneCottrell,2013-11-06 11:52:17,"Canary Wharf, London, E14 5HX","#itsasin Missed it? üè≥Ô∏è‚Äçüåà

Check it out ‚û°Ô∏è https://t.co/hkhdMzyx4Y

#lgbtq #gayman #love #gaypride #loveislove #bisexual #gaylife #gayguy #gayfollow #transgender #gaylove #pride #gaydude ‚Å†
#london #londonpride https://t.co/dhsCOD8iJu"
jounipirtti,2016-03-06 14:32:51,"Helsinki, Suomi",Love is love. Tove is Tove. #love #loveislove #Pride #Pride2021 #PrideWeek https://t.co/4NoUmdu1NV
hvvinlosangeles,2020-07-01 20:13:32,Beverly Hills,"B&amp;B Italia's bold Borea Collection, designed by Piero Lissoni, pairs a modern look with durable outdoor-ready materials.
.
.
.
.
#hillsviewsandvalleys #instagood #beauty #modern #selfcare #water #health #lifestyle #style #fashion #instabeauty #inspiration #interiordesign #love https://t.co/IOHl3q08Vz"
PittsburghRhino,2017-07-13 17:05:50,"Pittsburgh, PA","Next Saturday at Spearmint Rhino Pittsburgh
.
.
.
#TheSpearmintRhino #Rhino #WorldWide #RhinoGirls #Fun #BringingFunBack #Open #Mood #FunNight #PositiveVibes #Peace #Love #Kindness https://t.co/zFVdnr1uMj"
LyonTide,2020-11-28 16:45:58,"Birmingham, UK","Now for a #mello #Remix on #newmusicfriday from the awesome @Cobbler_uk ‚Äî CLOSURE (Cobbler Remix)‚Å†
‚Å†
Hop on our #YouTubeChannel right now and wrap your ears around it‚Å†...‚Å†
‚Å†
https://t.co/xGR2d8wudq

#music #dj #love #producer #relax #beats #pop #listentothis #beat #chill https://t.co/Z7gI6iW29T"
PlbFashion,2016-06-26 04:28:26,"Florida, USA","Love it? Shop now at https://t.co/wnciELjE2P to get your own.

#peace #love #blessings #god #christianity #apparel #faithbased #tshirt #tees #tanktop #hoodie #longsleeve #onesie #men #women #youth #kids #church #Godfearing #gospel https://t.co/4qIlThJtjA"
judyannewolff,2013-11-25 14:45:27,Bristol UK,RT @judyannewolff: A Japanese anemone for you ... hope you are not as cold as me #Englishwinter #Flowers #gardens #nature #photography #gar‚Ä¶
TwinValleyDist,2009-05-14 00:37:14,1029E Gude Dr. Rockville MD ,"Today's event is Game night and as a winner you will receive a free bottle.‚†Ä
‚†Ä
#maryland #dmv #love #picoftheday #work #art #instagood #life #gaithersburg  #happy #dc #motivation #photography #beautiful #selfie #momlife #md #rockville #fun #realestate #family #WorldUFODay https://t.co/GguMNES8Wm"
KariJoys,2008-12-24 15:46:04,Global,I hope you feel #AWESOME today! #JoyTrain #Joy #Love   RT @DrBakerPhD https://t.co/QT5aHnqoxi
christiancafe,2008-06-13 13:39:13,,"Join For Free!
https://t.co/oihuArQVMy

#dating #singles #relationships #love #christian #cafe #God #Jesus #matchmaking #chat  #mingle #match #relationshiptips #relationshipadvice https://t.co/47hyEecG9Q"
HouseLoversFm,2015-10-12 10:32:11,worldwide,Now live @ - TechChicks radio 271 So Riel    https://t.co/8iI74xa29U #houselovers #fm #love #house #radio #house #techno #deep
TheBeerJunkie,2009-11-30 12:13:39,India,"RT @Satvika_jay: Gonna love myself, I don't need anybody else
.
.
.
#actress #actor #love #model #beautiful #bollywood #hollywood #film #be‚Ä¶"
ParkWestGallery,2009-01-05 22:52:02,Michigan | Global,"Learn how Pino became a legend in the world of fine art and illustration, becoming one of the best known ""romance"" artists of our time. #love #art
https://t.co/QwD3GGF3ca"
Iceman_Hof,2010-11-20 15:55:18,Amsterdam,"Rejoice in nature. Be majestic, be free. Raise your arms like the branches, be strong like a tree.üå≥

- love Wim

#iceman #wimhof #nature #summer #tree #befree #stronglikeatree #spain #travel #expedition #love #naturelover #breathe #strong #happy #healthy #wimhofmethod https://t.co/S7hQMAP9fi"
RealDealTycoon,2012-07-11 18:20:22,Texas,"Getting Hitched with @RealDealDesign! S/O to you on your special day
#RealDealDesigns #RealDealPhotos #WeddingSeason #BlackLove #Love #IDo #Weddings #TieTheKnot #GettingHitched #HappilyEverAfter #Finally #InLove #Wifey #Forever #DreamsComeTrue #PutARingOnIt #BeMine #SummerWedding https://t.co/gmI75Qc1jj"
artsymoni,2018-10-15 08:05:21,"Washington, MO",This! This is a man that WANTS to pleasure his partnerü§çü§çü§ç #Yum #Yummy #Sexy #fridaymorning #TrendingNow #viral #love https://t.co/3M2ASB8A9c
kinox_and,2020-07-27 06:31:13,KINOXROYALE ,"@Paparazzydey4u @ThisBeMbo I follow back ASAP @kinox_and 

#twitter #Tweet #love #funny #MEMES #FolloMe #followme #cute  #fun #music #viral #fup #1DDrive"
livingunexpecte,2018-02-04 02:08:20,Montana,"RT @livingunexpecte: Homeschooling In Utah. Learn about homeschooling laws, resources, and groups to help you üòä https://t.co/qczuL8darl

#f‚Ä¶"
BrandofSexy,2014-11-17 16:09:33,California,RT @BrandofSexy: Have you ever dated someone who has the same name as one of your parents?  Did it feel awkward? Here's why it could still‚Ä¶
COChristianSvcs,2009-09-22 16:18:45,"Centennial, CO","‚ÄúAdoption is about forever
It forever changes your life, 
It forever changes your family,
It forever changes your world,
It is forever in your heart.‚Äù Terra Cooper

#adoption #forever #family #love #adoptiontriad https://t.co/j8MeKSybDb"
PHSInt,2011-10-08 23:08:59,,"World UFO Day - Nipple Lassos
https://t.co/txZrSyDtp3  #phsinternational #WorldUFODay
#love #like #instagood #follow #happy  #beautiful  #cute #life #art  #music #style #nature #followme #smile #beauty #travel #likes #friends #fun https://t.co/izWbqlEOly"
MooLuxe,2011-10-09 23:06:57,,"World UFO Day - Nipple Lassos
https://t.co/0Ao16pBuQ5 #MooLuxe #WorldUFODay
#love #like #instagood #follow #happy  #beautiful  #cute #life #art  #music #style #nature #followme #smile #beauty #travel #likes #friends #fun https://t.co/sLKAVCRTSt https://t.co/Xikvs74Ks8"
CrazyWanders,2020-05-10 10:48:14,,"RT @JustApparelVibe: Hello Summer Tee Now Available.üå∏

#hello #summer #love #travel #happy #usa #photography #life #instagram #fashion #nyc‚Ä¶"
bsinghvtd,2011-03-30 16:59:59,Anandpur Sahib,"RT @everythings_13: Learn about the amazing history of Mata Khivi Ji, the wife of the second Sikh Guru, Guru Angad Dev Ji.

https://t.co/1t‚Ä¶"
thegemstories,2020-05-26 12:27:27,,"Hematite Rosary! ‚ù§Ô∏è  

Visit The Gem Stories: https://t.co/66zL92ldUQ üëà 

Follow The Gem Stories on Instagram: https://t.co/baUcDukSIM üëà 

You can find it: https://t.co/z8RIU9yZ0Düëà 

#jewerly #thegemstories #fashion #handmade #silver #moda #style #jewelry #love #accessories https://t.co/6wdk31FSDm"
IamBXD,2016-12-19 13:34:09,"Assam, India",RT @iamsidkaul: Don't worry about people who talk bad about you. You will never be criticized by people who are doing more than you. You wi‚Ä¶
InternetFount,2011-02-20 02:05:46,Planet Earth,"Perhaps if #HopeForPaws knew about Dennis sooner, he would have made it. https://t.co/lH5tiV1WlZ #Love #Life #Heartache"
therockinpotter,2015-05-12 14:08:07,,"#Miami #Florida Give SPARKY a chance, please #pledge for #RESCUE so SPARKY can get the training and #love he needs- just a youngster, please #foster or #adopt SPARKY, SHARE him and let‚Äôs #saveadog today #RescueDogs #lovedogs #compassion #AdoptDontShop #RT https://t.co/xeDmWgQ4BM"
iCarlyFan2009,2011-09-11 03:56:03,"Bellflower, Ca ","RT @MarionFiedlerTN: Wanna listen to some #inspiring music today? I have some #songs online which as I hope give U #inspiration! 

A song a‚Ä¶"
kinox_and,2020-07-27 06:31:13,KINOXROYALE ,"@ThisBeMbo I follow back ASAP @kinox_and 

#twitter #Tweet #love #funny #MEMES #FolloMe #followme #cute  #fun #music #viral #fup #1DDrive"
DanGurlitz,2011-09-20 19:07:28,NY Metro Area,What do you do when love knocks at your door? Find out in the indie #romcom WHAT WE DON'T SAY - avail on #DVD and #digital from #Amazon: https://t.co/3akot2ZrJk #love @MattRalstonFilm #SupportIndieFilm #drama #Lovestory #Romance https://t.co/MFtYE9dGLq
purplemermaid25,2011-03-05 16:33:48,"London, England",RT @LucyColemanauth: üîâüíñ Love an audio book? üîâüíñ The Villa of Dreams #Lisbon... take a trip and feel that sunshine! #love &amp; #romance from Aud‚Ä¶
Sunshine_promo1,2015-09-23 20:49:18,United Kingdom,Well guys we made it for another week have a lovely #Weekend #Love you all #StayCool https://t.co/7cbDS7FFHD
merlemsinger,2009-01-31 02:38:09,Los Angeles,"Real Talk with Merle &amp; Patti: Are his/her Parents a Window into his/her Behavior?

Watch Here: https://t.co/LzRtSoyEi9

#lovelife #relationshipcoach #dating #love #relationshipgoals #datingcoach #relationshipmiracleworker"
JustFiestaVibes,2021-01-03 04:22:51,,"""One word frees us of all the weight and pain of life: That word is love."" 

-Sophocles

#love #weddinganniversary #photooftheday #photography #anniversary #wedding #marriage #beautiful #happyanniversary #marriedlife #picoftheday #art #husbandandwife #weddingdress #fashion https://t.co/dDUYl4tj7W"
LoaferTolboll,2015-08-28 11:32:38,"Rold Forest, Denmark","Blog post: ""On Asking Philosophical Questions"" (#AntoineDeSaintExupery, #SorenKierkegaard, #Krishnamurti, #Love, #PhilosophicalQuestions, #Philosophy, #WindSandAndStars, #Spinoza, #TheLittlePrince, #Yoga, #Meditation): https://t.co/o9gELFPqRJ https://t.co/7lrg25pCcO"
ConnectCity_,2016-10-27 16:32:21,"Croydon Central, London","Not many have the privilege to be surrounded by great minds day in and day out. 

That‚Äôs why we have made sure our houses are hubs for extraordinary minds, to create impactful individuals. 

#familyhouse #safeplace #love #community #ConnectCity https://t.co/z4HxR5BZvM"
SusanWillis69,2013-02-25 11:16:26,Co-Durham,"Now, I'm really blushing, although this credit goes to the designer, but, NO CHEF I Won't! has won 'Best Cover for June' with another glittery award. https://t.co/sSV8WoMATi  #romancenovels #foodie #awardwinning #cover #Designers #KDP #bookcovers #love @ebookscovered https://t.co/ATu1DTASOo"
ReadictN,2020-07-27 18:09:56,"California, USA","The Island ‚ú®Cover Reveal‚ú®
https://t.co/wSRJoeiPnL
‚ú®
Run for the money. It‚Äôs part of the show. If he catches up, he won‚Äôt let go.
‚ú®
#ReadictNovels #Readict #romance #nanowrimo #amwriting #reading #books #readinglist #love https://t.co/kDIBJUFvVq"
PercentProgram,2021-05-25 18:13:23,,"This weekend reflect on the freedoms you have! 

#lifecoach #motivation #lifecoaching #coaching #love #coach #mindset #inspiration #selflove #life #lifestyle #selfcare #success #mentalhealth #mindfulness #personaldevelopment #meditation #entrepreneur #goals #happiness https://t.co/8wE4QgP7o9"
cheartsong222,2016-04-15 21:05:14,"San Antonio, TX","Join the trend! Engaging w/someone because you care to hear what they have to say, listening w/o adding your two cents, taking in their entire conversation, then responding is the way to build relationships. #mindfulness #love #joytrain #peace https://t.co/3UymtgjSFI"
GateTenth,2020-04-12 23:25:24,,"LOVE OVER HATE.

.
.
.
Click the link in our bio to grab your #positivemessage #tenthgate apparel 
#tenthgate #spirituality #loveoverhate #apparel #clothing #peopleoverprofit #positive #positivemessages #love #kindness #spreadlove #meditation https://t.co/K3Wo6YBCJ2"
kinox_and,2020-07-27 06:31:13,KINOXROYALE ,"@ThisBeMbo I follow back ASAP @kinox_and 

#twitter #Tweet #love #funny #MEMES #FolloMe #followme #cute  #fun #music #viral #fup #1DDrive"
SevenShepherd,2016-12-01 02:08:20,,"""And he sought to see Jesus who he was; and could not for the press, because he was little of stature."" ~Luke 19:3 #God #Bible #Love"
SantopiCleaning,2016-01-13 03:45:06,"Orlando, FL","First Class Cleaning &amp; Maid Service.

#cleaning #clean #cleaningservice #housecleaning #homecleaning #residentialcleaning #cleanhouse #bathroom #kitchen #moving #realestate #money #today #family #love #orlando #florida #millenia #COVID19 #friday https://t.co/SjfbXrRiPb"
CrowsOutside,2021-01-11 11:44:38,,"Yet let not thy deep bitterness beget
Careless despair in me, for that will whet
My mind to scorn ; and O, love dull'd with pain
Was ne'er so wise, nor well arm'd, as disdain
Then with new eyes I shall survey thee, and spy
#poetry #love #writers"
kinox_and,2020-07-27 06:31:13,KINOXROYALE ,"@EzinhleIzimbali @F_rida__h I follow back ASAP @kinox_and 

#twitter #Tweet #love #funny #MEMES #FolloMe #followme #cute  #fun #music #viral #fup #1DDrive"
oakwoodvillage1,2017-07-12 19:01:56,"3388 Bell Road ~ Auburn, CA 95603","We are committed to enriching lives to ensure that you can have the retirement lifestyle you deserve.
#love #instagood #photooftheday #fashion #senior #seniorliving #seniorcare¬† #foothills #assistedliving #homecare #healthcare #retirement #eldercare #caregiving https://t.co/ZxS9EIy7ad"
SierraRegency1,2017-02-21 20:18:14,"1015 Madden Lane Roseville, CA","Our Wiping Out Our Community Fee Move-in Special is still available!
Call us for more information at 916-786-3173. 
#travel #love #instagood #photooftheday #fashion #senior #retirementplanning #retirementgoals #community #seniorcommunity #retirementparty #like4like #goals https://t.co/Gxb7BKJYwO"
MpenduloSonti,2020-12-03 06:51:30,johannesburg,"RT @Mthoh_Luphoko: Sthandwa Sami, poetry in motion

New video up on YouTube
https://t.co/rx3AVUioWE

#SANDF 
#bekelebeke 
#Nkandla 
#poetry‚Ä¶"
WeTalkRadio,2010-04-29 18:21:46,Texas,"Join the cool kids on the Diamond Crew Kids show @ 4pm CST today! They will make your Friday even better and you will be cool too! 
https://t.co/Y3oZcgikRL

#DiamondCrewKids #DiamondSoundProductions #TSmileyProductions #WeTalkRadio #Radio #Kids #Teens #coolkids #motivation #love https://t.co/OMbHNH9mUq"
kinox_and,2020-07-27 06:31:13,KINOXROYALE ,"@F_rida__h I follow back ASAP @kinox_and 

#twitter #Tweet #love #funny #MEMES #FolloMe #followme #cute  #fun #music #viral #fup #1DDrive"
JustApparelVibe,2021-01-03 03:00:16,,"Hello Summer Tee Now Available.üå∏

#hello #summer #love #travel #happy #usa #photography #life #instagram #fashion #nyc #beach #travelphotography #landscape #follow #naturephotography #vacation #justapparelvibes #tshirt #brand #apparel #vibes #apparelvibes #justvibes #jav https://t.co/r4VAqoeoaP"
chastity_amber,2021-06-16 03:56:35,"Irvine, CA","https://t.co/c3E1IrG4bC
https://t.co/t8oglEpkPQ
Good book, Available Now! eBook, hardcover, softcover.
#savioursquotes #saviourssongs #bible #bibleverse #biblestudy #biblejournaling #bibleverses #jesus #jesuschrist #christian #love #lovequotes #quotes #tamil #tamilchristian https://t.co/eH2cjntS1q"
everythings_13,2011-08-23 10:27:24,DONATE: http://bit.ly/1cR5tzZ,"Learn about the amazing history of Mata Khivi Ji, the wife of the second Sikh Guru, Guru Angad Dev Ji.

https://t.co/1tF8SsHikn

#MataKhiviJi #Sikhi #GurdwaraTours #Mother #Love #Langar #FreeFood #GuruNanakDevJi #GuruAngadDevJi #BasicsofSikhi"
GardohWilliams,2014-07-26 04:45:05,,"@LilTunechi ""Three L's. #Love #Live #Life , then i'm..."""
fayoladelicallc,2014-03-27 01:32:17,South FL,"As the family is important, show your family some appreciation by sharing a family pic with us.

#family #love #important #happiness #joy #happy #contentment #together https://t.co/2KEviTrGZs"
inner_to,2019-06-17 19:22:11,United States,"What are other ways you evaluate a person's romantic potential?

https://t.co/PmCnURZIdl
#quotes #wisdom #philosophy #love #relationships https://t.co/yBojUlhb1q"
Glams_Radio,2016-07-08 20:04:58,Gibraltar,#Now playing on @Glams_Radio : #Your Love (Original Mix) by #Jordan Dae &amp; Mark Star! Tune in now and enjoy sound of #DeepHouse #Love #Music
namasteui,2015-07-12 05:27:08,India,"INSERT &amp;#8230; ON DUPLICATE KEY UPDATE
Read more: https://t.co/q4oThHTxbr
#namasteui #followers #guestblogging #internetmarketing #follow #love #f #business #followback #guestposting https://t.co/lTpSbHMVCN"
ProPeace,2009-03-26 18:30:32,Direct Link To Peace Calendar:,"Encouraging the Children of the World to Plant The Seeds of LOVE, Peace and Compassion
Please Help Retweet 
@SeedsofPeace 
https://t.co/ZCHAE5IdNL

‚ô• ‚òÆ ‚úå üåé
#Peace #love #Vegan #music #rt #BTS #got7 #jimin #exo #covid19 #news #bitcoin #follow #youtube #tiktok"
MirrorFinish,2009-01-12 17:59:43,United States,"Calling all readers, writers, authors! You are invited to follow my friend Lana Lynne @lanalynneauthor 

https://t.co/z9iD7qMKYA #Amazon #Christian #writers #authors #writingcommunity #history #heritage #heart #home #peace #love #hope #joy #follow #friendship #gratitude"
simplyshay,2008-10-14 19:17:08,,Check out Oriental Trading Company Hearts Love Valentines Day Coffee Cup #OrientalTradingCo #Love https://t.co/HNlUyGGokD via @eBay
AccessoriessHh,2020-03-10 17:58:45,United States,"Some people look for a beautiful place, others make a place beautiful.
.
.
.
#inspirationalquotes #inspiration #quote #motivation #daily #dailylife #quotes #trend #morning #wish #life #love #care #friends #kind #enjoy #night #international #selfcare #brain https://t.co/bjuZ6XUgLh"
thelucidlab,2019-10-20 12:46:52,,"If you can't decide which one of your most beautiful photos to frame...

https://t.co/kFNUFadViJ

Name: Forever

#thelucidlab #staysimple #forever #frame #photo #photoframes #love #valentine #lovers #valentinesgift #giftideas #decorationideas #metaldecor #walldecor #metalart https://t.co/gksvx1JFxQ"
sofia221986,2010-08-31 10:24:20,,"RT @MiJoSi1: üéÇ....Happy Heavenly 60th Birthday to Princess Of Hearts today!...üéÇ

#Diana60 #LadyDiana #HAPPYBIRTHDAY #love #Peace https://t.‚Ä¶"
KariJoys,2008-12-24 15:46:04,Global,"#Love grows when #Kindness is planted..

#JoyTrain #Joy #Quote #COVID19 #MentalHealth #Mindfulness #GoldenHearts #IAM #IQRTG #ChooseLove #FridayFeeling #FF #FridayMotivation #FabulousFriday #FridayMorning #FridayThoughts #FridayMood RT @GittePrina https://t.co/tF0VWwUDW6"
christiansforf3,2020-05-31 11:31:48,Berlin,"RT @j_spirit: ‚ÄúEver has it been that #love knows not its own depth until the hour of separation.‚Äù
#Khalil #Gibran"
DaniyalRizvi18,2020-01-21 16:40:13,,"RT @mBilalShafi_6: #love you saad bhi
#ÿ≥ÿπÿßÿØÿ™Ÿà⁄∫_ŸàÿßŸÑ€íÿ≥ÿπÿØÿ±ÿ∂Ÿà€å_⁄©Ÿàÿ≥ŸÑÿßŸÖ https://t.co/MMHvt6QyAQ"
kinox_and,2020-07-27 06:31:13,KINOXROYALE ,"@Sweetlyf15 I follow back ASAP @kinox_and 

#twitter #Tweet #love #funny #MEMES #FolloMe #followme #cute  #fun #music #viral #fup #1DDrive"
RobinAnnZeller1,2019-07-30 18:19:01,"Florida, USA",RT @nickcarter: Celebrating the union of love with 2 dear friends of ours. We‚Äôre so happy for you Chad and Amanda. #love #weddings https://‚Ä¶
IndieFilmBot,2021-06-26 16:13:23,,"RT @aaawws2: I need you to watch this on the soonish
if you like
#highart #darksouls #philosophie #LoveSTAY #love #poetry #poetrycommunity‚Ä¶"
kinox_and,2020-07-27 06:31:13,KINOXROYALE ,"@SEBAS1KING @ginestarros @VIPGains @Siogo61 @luisalarosa @_6cnc @Darcjaani @SantosNer2 @Mechis_M @TemurH16 @Zeno_Mello @Leonina_0108 @blsnjaja @jlferguson50 @DianeGains @IfbSdv @jimg1976 @B1nadir @ZagoZago3 @citalafrase I follow back ASAP @kinox_and
#twitter #Tweet #love #funny #MEMES #FolloMe #followme #cute  #fun #music #viral #fup #1DDrive"
braintickler_,2020-06-03 18:52:11,,JOKE OF THE DAY : Did you know you should always take an extra pair of pants golfing? Just in case you get a hole in one. #funny #memes #love #lol #jokeoftheday #meme #rofl #lmao #laugh #dank #humor #funnyaf #joke
ioubuzz,2013-04-16 06:00:32,,"You love me, I love you. You hate me, but I still #love you. | #teamfollowback"
kinox_and,2020-07-27 06:31:13,KINOXROYALE ,"@Moefire_ I follow back ASAP @kinox_and 

#twitter #Tweet #love #funny #MEMES #FolloMe #followme #cute  #fun #music #viral #fup #1DDrive"
CarrieMdxCoach,2017-11-19 17:27:37,"Lancashire, England","RT @MyPowertalk: We let others
define our reality
when we habitually
dwell on problems, drama
and bad relationships.

How to make a change?‚Ä¶"
SevenShepherd,2016-12-01 02:08:20,,"""And when Jesus came to the place, he looked up, and saw him, and said unto him, Zacchaeus, make haste, and come down; for to day I must abide at thy house."" ~Luke 19:5 #Jesus #Love #Bible"
kinox_and,2020-07-27 06:31:13,KINOXROYALE ,"@sirkay31 @Paparazzydey4u I follow back ASAP @kinox_and 

#twitter #Tweet #love #funny #MEMES #FolloMe #followme #cute  #fun #music #viral #fup #1DDrive"
davejvickers,2011-02-20 16:45:19,London,RT @AngieBlueMusic: I've pulled all my tracks bar this one from @DistroKid  I've made the decision to make @Bandcamp my home.  Please suppo‚Ä¶
Andey_Mkhonde,2016-07-02 12:21:22,endodeni,"RT @obisme83: Retail, by any means Necessary!! üõç‚ù§Ô∏èüë®‚Äçüë®‚Äçüë¶‚Äçüë¶ #tbt #him #twins #love #family #heartbeat #retailtherapy #youngkings  #blackgayda‚Ä¶"
kinox_and,2020-07-27 06:31:13,KINOXROYALE ,"@Mechis_M @HARRYS1DEMPIRE @Siogo61 @ginestarros @Tangerine4545 @Tina1Queen @TemurH16 @sinan525 @Aluddin19 @DianeGains @Leonina_0108 @eReferenceDesk @luisalarosa @SEBAS1KING @blsnjaja @_6cnc @DrDayanandbhar2 I follow back ASAP @kinox_and

#twitter #Tweet #love #funny #MEMES #FolloMe #followme #cute  #fun #music #viral #fup #1DDrive"
Sanket93971292,2020-11-28 10:19:28,"Mumbai, India","RT @Nehamalik335: Black #foreverfavourite ‚ù§Ô∏è‚Äçüî•‚ù§Ô∏è‚Äçüî•üñ§

#newpost #blackdress #love #fashionista #style #FashionFriday #NehaMalik https://t.co/‚Ä¶"
CysticOfficial,2020-01-20 07:18:37,Mississippi Gulf Coast,"For the past year I‚Äôve made music that, after I created it, I ended up hating it, due to production and finding my style, but I think I‚Äôm finally starting to get closer to what I want, just bare with me.
.
#rap #hiphop #music #rapper #trap #rapmusic #beats #artist #love #newmusic https://t.co/of2fNjOzMe"
VideoAndPhoto,2011-05-11 20:38:49,New York City/New Jersey,"We just loved photographing these two!
Ambassador Video and Photography #nycwedding #njwedding #photographer #weddingphotography #justmarried #njweddingphotographer #nycweddingphotographer #love #putaringonit #theknot #weddingwire #boda #fiesta https://t.co/ijgrYdXybI"
Autry_monvik,2021-02-03 06:00:33,,"RT @AsliMonalisa: üíôüíôüíô... Mondayzzz .... 

#poser #me #love #photoshoot #picoftheday https://t.co/XXnKU6jYPa"
kinox_and,2020-07-27 06:31:13,KINOXROYALE ,"@toolzbeib I follow back ASAP @kinox_and 

#twitter #Tweet #love #funny #MEMES #FolloMe #followme #cute  #fun #music #viral #fup #1DDrive"
JunjiPrince,2021-04-13 14:43:01,she/her | INTP ,"RT @ratillasshi: produced by [myself] album covers

1. cOy
2. ? (questiOn mark)
3. night flight

#OnlyOneOf #Ïò®Î¶¨ÏõêÏò§Î∏å #KB #Í∑úÎπà #Love #Îü¨Î∏å #Rie #‚Ä¶"
kandousurumono,2015-04-23 12:59:54, https://instagram.com/p/BGdYl6LgYdZ/,"""Broken flowers smiling. „Äàalternative rock pop„Äâ"" by akats('u')ki #AWA
https://t.co/1sspGOBD90
#halsey #cocco #love https://t.co/F2aydjRtHd"
kinox_and,2020-07-27 06:31:13,KINOXROYALE ,"@Mansa_RBC I follow back ASAP @kinox_and 

#twitter #Tweet #love #funny #MEMES #FolloMe #followme #cute  #fun #music #viral #fup #1DDrive"
kinox_and,2020-07-27 06:31:13,KINOXROYALE ,"@SaharaReporters @honilatte_ I follow back ASAP @kinox_and 
#twitter #Tweet #love #funny #MEMES #FolloMe #followme #cute  #fun #music #viral #fup #1DDrive"
svpawar9,2017-10-23 05:28:52,"Navi Mumbai, Maharashtra","We help our Clients to Build, Manage, Protect and Transition ""Wealth"".
@pawar_finance 
 
Source of Post:
https://t.co/5ss2mVFKqt

#life #love #quotes #photo #happy #me #beautiful #instagood https://t.co/WIEAE07Om5"
kinox_and,2020-07-27 06:31:13,KINOXROYALE ,"@bellahvibes @kcee30BG_xxx I follow back ASAP @kinox_and 
#twitter #Tweet #love #funny #MEMES #FolloMe #followme #cute  #fun #music #viral #fup #1DDrive"
ETMHub,2018-08-02 22:51:27,"Atlanta, GA","Listen @IamTabithaBrown we're with you 100% on this one! 

Link: https://t.co/EGO6P730KU

#TabithaBrown #WendyWilliams #Podcast #EscapeTheMatrix #YouTubers #YouTube #TGIF #Love"
realbuike,2013-06-03 05:13:33,everywhere,"RT @bluewavesdave: When you are happy with what you do then you increase your happiness and achieve more.

So if something makes you happy‚Ä¶"
StarryLightPaws,2018-03-22 03:09:04,"Provo, UT","#TGIF #FridayFeels #MoteVation üö´ü¶é #Love #FreindlyHugs #GoodVibes #MoteBFF @misspatchesmom1 @dgrant76 @SeriousMommaDoe @donutsdebsdibs @sl_52311 @Carol_L_Mitch @JustMyPOView @sue_dool @libs1709 @katiemusher @ChevvyAmy @lvjk @bubbledom123 &amp; much more, Happy Friday.üëáüî•üòò‚ù§Ô∏èü•∞ https://t.co/52bOzZILdQ"
BC7274,2020-11-25 23:06:31,,"@WPLGLocal10 Whatever you do, Do not suspend the search! That's like giving up on survivors, families, pets, rescuers. ""NEVER GIVE UP &amp; NEVER LOSE HOPE"" üôèüèº #SurfsideStrong #Wearewithyou #Hope #faith #love"
RukutH,2014-11-17 04:05:29,gauhati ,RT @saregamaglobal: @paponmusic is here to create magic with #PratibhaSinghBaghel .Tune in to Saregama Music YouTube Channel on 5th July to‚Ä¶
KidyPlace,2017-10-19 06:21:27,,"Great, huh?

#love #cute https://t.co/aEudy2XDzx"
sujiths35408427,2021-06-15 03:03:02,United States,"learn manifest overnight millionar
:https://t.co/1U0mE8lfIH
#trending #viral #love #instagram #tiktok #explorepage #instagood #follow #like #fashion #explore #likeforlikes #followforfollowback #photography #memes #music #india #trend #instadaily #likes #style #PhotoOfTheDay https://t.co/efSY69QNDx"
adeebrahman73,2017-01-07 17:39:29,"Huntsville, AL","RT @macnificent123: @ReginaMcMullen7 happy Friday beautiful! following
#womenempowerment
#WritingCommunity 
#inspiringwomen
#Resistance 
#k‚Ä¶"
14JCRD,2016-05-11 23:15:37,"Medell√≠n, Colombia",RT @mitchlafon: #OnThisDay - July 2nd 1990. The mighty Tesla play the Trocadero Theatre in #Philadelphia - It is later released as the Five‚Ä¶
anaburgues,2011-06-05 10:17:22,Entre Barcelona y Granada,"RT @PlatformSis: ‚úÖ Scientific evidence ‚ù§Ô∏è ‚û°Ô∏è¬†
Love doesn‚Äôt kill ‚¨ÖÔ∏è ‚ù§Ô∏è¬†#love # #community #genderviolence
üîó Find it out: https://t.co/Ky5MHl‚Ä¶"
kinox_and,2020-07-27 06:31:13,KINOXROYALE ,"@EzinhleIzimbali @sexiestnatasha I follow back ASAP @kinox_and 
#twitter #Tweet #love #funny #MEMES #FolloMe #followme #cute  #fun #music #viral #fup #1DDrive"
Uhoh_Boneralrt,2014-05-08 00:01:11,On mars eating ü•ì,RT @steakxeggss: Man #KeithSweat x #BobbyBrown shut #VERZUZ down. Keith was lit off #Ciroc x üç∑ and they just played all classic bangers. Wh‚Ä¶
SimpactIntl,2020-08-06 19:02:32,"New York, USA","Black women are 3 to 4 times more likely to experience a pregnancy-related death than white women, even at similar levels of income and education.
--
üåê https://t.co/bfgXM9GaxF

#simintorg #poverty #charity #help #children #love #eduction #empowerment #hunger https://t.co/UV58rE5brm"
tebz7,2013-05-07 11:16:25,,"RT @obisme83: Retail, by any means Necessary!! üõç‚ù§Ô∏èüë®‚Äçüë®‚Äçüë¶‚Äçüë¶ #tbt #him #twins #love #family #heartbeat #retailtherapy #youngkings  #blackgayda‚Ä¶"
Glams_Radio,2016-07-08 20:04:58,Gibraltar,#Now playing on @Glams_Radio : #Sail Away by #Mome feat. Ricky Ducati! Tune in now and enjoy sound of #DeepHouse #Love #Music
kinox_and,2020-07-27 06:31:13,KINOXROYALE ,"@SEBAS1KING @ginestarros @VIPGains @Siogo61 @luisalarosa @_6cnc @Darcjaani @SantosNer2 @Mechis_M @TemurH16 @Zeno_Mello @Leonina_0108 @blsnjaja @jlferguson50 @DianeGains @IfbSdv @jimg1976 @B1nadir @ZagoZago3 @citalafrase I follow back ASAP @kinox_and 
#twitter #Tweet #love #funny #MEMES #FolloMe #followme #cute  #fun #music #viral #fup #1DDrive"
FanshyH,2020-06-10 17:24:01,Bangladesh,Check out my Gig on Fiverr: do ghost mannequin or neck joint   services https://t.co/oMakl1odVX #mannequin #model #fashion #photography #mode #shooting #love #style #modelephoto #photooftheday #beautiful #photo #portrait #art #beauty #photographer #paris #mannequins https://t.co/MRod6ZjvA1
nnimakwala,2015-09-11 05:57:41,"Jersey City, NJ","Starting Dance With Your Child .  Read the latest blog post hereüëá
https://t.co/h18d1Guto3
#dance #dancer #music #love #hiphop #dancing #dancers #party #dj #tiktok #art #ballet #instagram #instagood #like #dancelife #explorepage #follow #trending https://t.co/qmmSief4eF"
TerrificMarket,2012-01-02 20:08:15,,"Bamboo Kitchen Utensils - 3 Options 
‚û§ $ 18.99. 
‚û§ https://t.co/WPJN3FqzMN #love #vote https://t.co/tOMgwQMvxI"
earlyfashionn,2021-03-02 14:46:55,"ŸÑÿß€ÅŸàÿ±, Ÿæÿß⁄©ÿ≥ÿ™ÿßŸÜ","summer-women-turtleneck-long-sleeve-starry-angle-print-mesh-perspective-top.
DM FOR DETAIL‚Ä¶

@earlyfashion.store #fashion #style #life #girls #women #online #beauty #female #looks #instagram #imported #love #stylo #models 
#stylo #fashion #promotion #models #event #online https://t.co/pYnuy0tscm"
kinox_and,2020-07-27 06:31:13,KINOXROYALE ,"@ImBasharatJr @Niyiafrika02 I follow back ASAP @kinox_and 

#twitter #Tweet #love #funny #MEMES #FolloMe #followme #cute  #fun #music #viral #fup #1DDrive"
GrowURStream,2016-11-28 13:13:45,Worldwide,RT @Jayceesmakeup51: LIVE NOW FOR A WINGED SHADOW LOOK! ON THE @SpoiledLips #FACEBOOK PAGE COME JOIN SAY HI LET JAYCEE KNOW WHERE YOU ARE J‚Ä¶
futurized,2018-05-08 19:51:08,COSMIC GATE,"‚Üì¬Ø‚Üì‚Üì¬Ø¬Ø¬Ø¬Ø¬Ø‚Üì¬Ø¬Ø¬Ø¬Ø¬Ø¬Ø¬Ø¬Ø‚Üì
UNI¬Ø¬Ø¬Ø¬Ø¬ØT¬Ø¬Ø¬Ø¬Ø¬Ø¬Ø¬Ø¬ØY

INSPIRED BY THE TRAITS OF HUMANITY https://t.co/AEdQdozNkh
#PlasticFreeJuly üíö #PicnicMonth üß∫ #IceCreamMonth üç®

space-pics: M94 by NASA Hubble

#love #beautiful #digitalart #photography #happy #u2dy #art #life #design #follow #f4f ‚Ä¶ https://t.co/mv9nd0qhBL"
angiepo97112888,2019-10-23 20:35:25,"Georgia, USA","RT @KariJoys: #Laughter is good for the #Soul!

#JoyTrain #Joy #Love #GoldenHearts #FamilyTrain #IAM #MentalHealth #Mindfulness #spdc #Wedn‚Ä¶"
GTACE5Institute,2021-06-07 19:50:06,"Toronto, Ontario","1:11pm 22 min Dr. Steven Greer CTS, Coherent Thought Sequencing, CE-5 meditation. https://t.co/0h1u1WLStd
 #extraterrestrial #ets #firstcontact #ce5 #meditation #spirituality #energy #love #light #awakening #toronto #gta #greatertorontoarea #friday #queenspark https://t.co/pkFeFoLe2e"
kinox_and,2020-07-27 06:31:13,KINOXROYALE ,"@Zah_Ra6 @ImBasharatJr @Huzaifa09375158 @churail_hu @Mu_aaz_ @Its_MuBii @R0BOT_26 @Zaryall @DrRubena @M_S_ja I follow back ASAP @kinox_and 
#twitter #Tweet #love #funny #MEMES #FolloMe #followme #cute  #fun #music #viral #fup #1DDrive"
TonyaWrites,2019-01-21 15:21:04,,"RT @WeissJsw819: Bad Vikings. https://t.co/VKL1ZxZSKh

LINK to the past ü§¢üëâ https://t.co/IN9IezZ3GH

#Vikings #VikingsValhalla #paranormal #‚Ä¶"
VBreeman,2014-10-01 23:56:30,Midwest,"RT @CreationbyTL: https://t.co/moiUStBJAy                     Check out these great leggings for all occasions from my Etsy Shop, Creationb‚Ä¶"
BlackFlashPromo,2014-06-18 19:08:37,Manchester,"Amazing send off yesterday for my Sister Sonia. The respect &amp; support was overwhelming, her spirit will live on forever. üïä‚ù§ #RIPSonia #Manchester #Love https://t.co/d5eZPKQaxd"
Rameshw74467743,2021-04-17 11:48:33,,"RT @RadioChinarFM: #OFFICIAL PROMO OF #RADIO_CHINAR 90.4 FM

Let us spread #smiles #happiness &amp; #love through #radiowaves of @RadioChinarFM‚Ä¶"
Dorlion26_,2014-02-01 09:58:41,"Eski≈üehir, T√ºrkiye","RT @INSTINC26289171: Nature, nothing is perfect and everything is perfect
üíú
#Expression #Artistic #Charisma
#LifeLessons #creative #mindset‚Ä¶"
kinox_and,2020-07-27 06:31:13,KINOXROYALE ,"@ItsAriaJudith I follow back ASAP @kinox_and 
#twitter #Tweet #love #funny #MEMES #FolloMe #followme #cute  #fun #music #viral #fup #1DDrive"
kinox_and,2020-07-27 06:31:13,KINOXROYALE ,"@ipkofficial01 @neezzah I follow back ASAP @kinox_and 

#twitter #Tweet #love #funny #MEMES #FolloMe #followme #cute  #fun #music #viral #fup #1DDrive"
angiepo97112888,2019-10-23 20:35:25,"Georgia, USA","RT @KariJoys: Let the answer ALWAYS be #LOVE! 

#JoyTrain #Joy #Kindness #Quote #COVID19 #MentalHealth #Mindfulness #GoldenHearts #IAM #Quo‚Ä¶"
kinox_and,2020-07-27 06:31:13,KINOXROYALE ,"@amEbenaldo @neezzah I follow back ASAP @kinox_and 
#twitter #Tweet #love #funny #MEMES #FolloMe #followme #cute  #fun #music #viral #fup #1DDrive"
ShebinSam13,2021-06-24 14:56:29,,"Women in power.
#illustration #art #drawing #artist #digitalart #artwork #sketch #illustrator #design #draw #artist #painting #photoshop #sketchbook #graphicdesign  #artoftheday #nft #digitalillustration #inktober #creative #watercolor #love #ink https://t.co/kL3gScg31h"
evillunchbag,2021-05-14 22:25:44,,RT @NewTatts_Itchin: NEW DROP ALERT TODAY AND FOR THIS MONTH AT @ambiantllc WE HAVE THE NEW @evillunchbag VARSITY TEES AND SHORT SETS HMUP‚Ä¶
kinox_and,2020-07-27 06:31:13,KINOXROYALE ,"@MahdyHasan10 @neezzah I follow back ASAP @kinox_and 

#twitter #Tweet #love #funny #MEMES #FolloMe #followme #cute  #fun #music #viral #fup #1DDrive"
dassnikhil,2009-05-06 06:03:44,,"The gd thing abt ur #talent is 
You can shout out loud ..
for it 
About it ..
Share it ..fearlessly 
Have n edge over others 
Its All About You ‚Ä¶Being You 
#nightthoughts #dinner 
#family #love #Friends https://t.co/PSBBEqdeXw"
angiepo97112888,2019-10-23 20:35:25,"Georgia, USA","RT @KariJoys: Be a Good Person! 

#JoyTrain #Joy #Love #Kindness #Quote #ChooseLove  #MentalHealth #Mindfulness #GoldenHearts #FamilyTrain‚Ä¶"
NewTatts_Itchin,2011-08-16 00:42:18,"omaha, NE","NEW DROP ALERT TODAY AND FOR THIS MONTH AT @ambiantllc WE HAVE THE NEW @evillunchbag VARSITY TEES AND SHORT SETS HMUP IF YOU NEED ANYTHING I CAN DO OFFS AND PICK UPS TOO 
.
.
.
#elb #evillunchbag #streetwear #supreme #omaha #nike #colors #4thofjuly #july #newdrop #pleasures #love https://t.co/pIEwfmaG4m"
kinox_and,2020-07-27 06:31:13,KINOXROYALE ,"@neezzah I follow back ASAP @kinox_and 

#twitter #Tweet #love #funny #MEMES #FolloMe #followme #cute  #fun #music #viral #fup #1DDrive"
ludybassimendes,2015-12-21 21:44:14,,"RT @obisme83: Retail, by any means Necessary!! üõç‚ù§Ô∏èüë®‚Äçüë®‚Äçüë¶‚Äçüë¶ #tbt #him #twins #love #family #heartbeat #retailtherapy #youngkings  #blackgayda‚Ä¶"
kinox_and,2020-07-27 06:31:13,KINOXROYALE ,"@sirkay31 @alanizate I follow back ASAP @kinox_and 
#twitter #Tweet #love #funny #MEMES #FolloMe #followme #cute  #fun #music #viral #fup #1DDrive"
MoanMovie,2019-08-13 16:17:51,United Kingdom,"#JungleCruise cast 

#Games #twitter #instagram #instagood #movies #film #photooftheday #actor #entertainment #gaming #gamers #love #influencer #netflix #retweet #f4f #followforfollowback #like #l4l #hollywood #disney #THEROCK https://t.co/fsTFAZmnqG"
coolfish68,2013-11-26 06:40:00,"California, USA","RT @WorldOfAbhIya: Some people are worth melting for...üíù

#PyaarKiiYeEkKahaani #Pkyek #AbhIya #ViSu #SuVian #AbhayPiya #VivianSukirti #Vivi‚Ä¶"
kinox_and,2020-07-27 06:31:13,KINOXROYALE ,"@aliswelgod @Egyriba1 @Evans_Stark1 I follow back ASAP @kinox_and 

#twitter #Tweet #love #funny #MEMES #FolloMe #followme #cute  #fun #music #viral #fup #1DDrive"
hluggah,2014-05-18 16:45:54,"London, England","Medicine ball  lunge with a twist  targets the side obliques and the legs ü¶µ .

Follow me @hluggah 

#fitness #gym #workout #fitnessmotivation #fit #motivation #bodybuilding #love #training #health #lifestyle #instagood #fitfam #healthylifestyle #sport #healthy #instagram https://t.co/peYq44AGqL"
GuardsOfTheSix,2015-01-02 23:33:45,The 6ix,Happy Friday Dogearmy! üòÜ #Doge #Dogecoin #Dogearmy #meme #happy #funny #love https://t.co/qzDeVIg1a8
collectorJoe,2012-07-15 10:05:46,"New Jersey, USA",RT @brawlerreal: ‚ÄúGive #love and love will come back to you‚Äùüôè
MoubineMourad,2019-03-28 23:08:38,"Toledo, OH","#love #Children #family #JesusChrist #pleasesupport #PLeaseshare #iambook.org Thank you if you have already, and if you haven't please do! share like and support us please https://t.co/6QOIb5b4W0 Please if you can read this share this!"
lytchamarie,2012-12-15 09:23:27,,RT @STG_Stretch: I‚Äôm not the type to get into no beef but just know what you said and how you moving did not go unnoticed and will not be f‚Ä¶
kinox_and,2020-07-27 06:31:13,KINOXROYALE ,"@sirkay31 @nana_yof @skyflood__ @AppLucheli @dearjohn_1 @f_a_r_a_h_9 @iam_sitara @8FKT_ @IamSythh @Paparazzydey4u @JokerGains @alanizate @_presholiver @TinitaFollow @Moinuddin___ @UwimaanaMartha @Somalian_bae I follow back ASAP @kinox_and 
#twitter #Tweet #love #funny #MEMES #FolloMe #followme #cute  #fun #music #viral #fup #1DDrive"
PrayerRequest33,2020-04-29 17:15:18,,"Proverbs 19:16
Register now and post your prayers and you can also begin to pray for other.
https://t.co/tRchvipBlz
#Pray #Jesus #God #Prayer #Proverbs #Love https://t.co/uyNgfRwCO2"
BSBfan86,2013-11-10 14:13:39,Nederland,RT @nickcarter: Celebrating the union of love with 2 dear friends of ours. We‚Äôre so happy for you Chad and Amanda. #love #weddings https://‚Ä¶
MoanMovie,2019-08-13 16:17:51,United Kingdom,"#JungleCruise cast 

#Games #twitter #instagram #instagood #movies #film #photooftheday #actor #entertainment #gaming #gamers #love #influencer #netflix #retweet #f4f #followforfollowback #like #l4l #hollywood #disney #THEROCK https://t.co/rFv1K0TcDx"
kinox_and,2020-07-27 06:31:13,KINOXROYALE ,"@_Arsh1 @ImBasharatJr @DrRubena @78Kh6 @pk_mh0 @Nysar7 @Ush_786 @Hkuri_1 @Nra_19 @Pk50k @p_ti90 @imfhd7 @pth_8 I follow back ASAP @kinox_and 

#twitter #Tweet #love #funny #MEMES #FolloMe #followme #cute  #fun #music #viral #fup #1DDrive"
themerry_monk,2011-05-21 14:07:10,England.,"In today‚Äôs hectic world, with bad news all around us, we could all do with greater peace of mind. There are some awesome peace texts in the Bible: they reflect the truth that God desires peace. Video: 3 Bible Quotes for your peace of mind. https://t.co/UE6X3UJHBL #Peace #love"
kinox_and,2020-07-27 06:31:13,KINOXROYALE ,"@ImBasharatJr @_presholiver I follow back ASAP @kinox_and 

#twitter #Tweet #love #funny #MEMES #FolloMe #followme #cute  #fun #music #viral #fup #1DDrive"
brockleybrewery,2012-11-11 01:50:30,SE4 2AJ,"We love your fluffy friends here!
Bring them in to get their photo on the wall of fame!
Here's a few of our recent customers

#doggo #goodboi #goodgirl #loyalcustomer #woof #brockley #brewery #beer #ale #love https://t.co/E1yNpoUQiz"
kinox_and,2020-07-27 06:31:13,KINOXROYALE ,"@aliswelgod @oebrusahin @1Damla_22 I follow back ASAP @kinox_and 

#twitter #Tweet #love #funny #MEMES #FolloMe #followme #cute  #fun #music #viral #fup #1DDrive"
AnjaliDevi72,2020-07-27 06:46:49,,"RT @Shomes_quest: #VideoOfTheDay 
The little princess perfectly portrays the role of her mother as housewife  with her own swag &amp; style.
 üòç‚Ä¶"
felipejr1173,2017-05-13 02:14:13,,"RT @ShadowDogDesign: A #dog's #love can make every day a good day.

#Dog #BestFriend #DogsAreLove #GoodDay https://t.co/NsGb35WqCB"
Streamer_Boost,2017-02-12 01:01:01,Worldwide,RT @Jayceesmakeup51: LIVE NOW FOR A WINGED SHADOW LOOK! ON THE @SpoiledLips #FACEBOOK PAGE COME JOIN SAY HI LET JAYCEE KNOW WHERE YOU ARE J‚Ä¶
buy1_best,2019-04-16 07:44:37,"New York, NY",RT @JenniHeartLov: Freedom has never felt so good! #FreeTheCleavage #Motivation  #love #fitness #gym #workout #fitnessmotivation #motivatio‚Ä¶
heatherrose1814,2014-02-22 18:46:14,In His Heart ‚ô•Ô∏è and Soul ,"RT @WorldMusics1: The most romantic love story isn't Romeo and Juliet who died together, but Grandpa and Grandma who grew old together ...‚Ä¶"
musicven,2010-11-26 13:16:38,En alg√πn lugar del mundo.....,RT @mitchlafon: #OnThisDay - July 2nd 1990. The mighty Tesla play the Trocadero Theatre in #Philadelphia - It is later released as the Five‚Ä¶
SevenShepherd,2016-12-01 02:08:20,,"""And he called his ten servants, and delivered them ten pounds, and said unto them, Occupy till I come."" ~Luke 19:13 #Bible #Love #Jesus"
kinox_and,2020-07-27 06:31:13,KINOXROYALE ,"@ThisBeMbo I follow back ASAP @kinox_and 

#twitter #Tweet #love #funny #MEMES #FolloMe #followme #cute  #fun #music #viral #fup #1DDrive"
daffadill2005,2009-05-04 00:59:44,"Pennsylvania, USA",RT @nickcarter: Celebrating the union of love with 2 dear friends of ours. We‚Äôre so happy for you Chad and Amanda. #love #weddings https://‚Ä¶
SYinterFans,2016-02-06 10:28:40,EGYPT,"RT @mine_trk: You can change this world to a better world... 
With your souls, with your souls... 
@SamiYusuf - ¬´I'm Your Hope¬ª 

(https://‚Ä¶"
sinestr54424797,2018-09-08 15:49:16,,RT @RappCatsAdopt: Dorothy's sis Amelia is really a #tigerüêØüò∫üêæ #Volunteers have a gut sense the girls will adopt someone soon! #cats #catlov‚Ä¶
ItsjustJered,2020-12-19 17:04:37,,"RT @MyPowertalk: We let others
define our reality
when we habitually
dwell on problems, drama
and bad relationships.

How to make a change?‚Ä¶"
Kamal_Sahu_IND,2017-03-08 17:42:09,‡§Ö‡§ñ‡§£‡•ç‡§° ‡§≠‡§æ‡§∞‡§§,"RT @Shomes_quest: #VideoOfTheDay 
The little princess perfectly portrays the role of her mother as housewife  with her own swag &amp; style.
 üòç‚Ä¶"
alokntyl,2011-03-14 08:17:11,Uttarakhand ,"RT @KharkwalPriya: Sometimes you meet someone and you know from the first moment that you want to spend your whole life without them.  
#re‚Ä¶"
nozeerosie,2008-09-14 03:11:01,"Los Angeles, CA","Finally Hendrix in the taco truck! (Camera shy üòπ) #polydactyl #hendrixstevens #tacotruck #thankful #grateful #love #staysafe @ Norwalk, California https://t.co/kRMayQxwhr"
kinox_and,2020-07-27 06:31:13,KINOXROYALE ,"@F_rida__h I follow back ASAP @kinox_and 
#twitter #Tweet #love #funny #MEMES #FolloMe #followme #cute  #fun #music #viral #fup #1DDrive"
rt_beam,2016-12-01 14:09:00,,"RT @RyshouJ_Gaming: üö®New Video
2 Horror Games
Lights off! And A Night At Andy‚Äôs

LINK IN BIO‚¨ÖÔ∏è
#monsters #gaming #youtubegaming #scary #ind‚Ä¶"
kinox_and,2020-07-27 06:31:13,KINOXROYALE ,"@ImBasharatJr @HARRYS1DEMPIRE I follow back ASAP @kinox_and 

#twitter #Tweet #love #funny #MEMES #FolloMe #followme #cute  #fun #music #viral #fup #1DDrive"
Deb22dn,2020-03-05 09:14:43,"Silchar, India",RT @davidwarner31: Hard to get a selfie with this oneüòç @candywarner1 #isla #family #love #exercise #bullsdaycare https://t.co/eMRkGHiogM
todaygame,2016-05-01 14:38:56,"Asheville, NC","#Secrets of a #medicalintuitive, 81 ways to heal your #heart naturally: https://t.co/Pa4Z7KBQfF
 #love #health #healing #naturalhealing #naturalhealth #drugfree"
UkHealing,2014-07-20 21:45:05,UK,"#Secrets of a #medicalintuitive, 81 ways to heal your #heart naturally: https://t.co/5QvW9G2v6D
 #love #health #healing #naturalhealing #naturalhealth #drugfree"
CSCarrigan,2010-12-05 14:43:50,"Atlanta, Georgia","#Secrets of a #medicalintuitive, 81 ways to heal your #heart naturally: https://t.co/jYCmme55NJ
 #love #health #healing #naturalhealing #naturalhealth #drugfree"
KharkwalPriya,2020-06-24 05:53:27,"Pauri Garhwal, Uttarakhand","RT @KharkwalPriya: Sometimes you meet someone and you know from the first moment that you want to spend your whole life without them.  
#re‚Ä¶"
kinox_and,2020-07-27 06:31:13,KINOXROYALE ,"@ThomasCitando I follow back ASAP @kinox_and 
#twitter #Tweet #love #funny #MEMES #FolloMe #followme #cute  #fun #music #viral #fup #1DDrive"
ivanforsyth,2014-05-06 13:59:17,LOS,"RT @obisme83: Went from 50 to over 1,000 Supporters almost overnight! We are The BannerFields Boys, simply living our version of the Americ‚Ä¶"
StreamerWall,2018-01-06 08:30:05,Worldwide,RT @Jayceesmakeup51: LIVE NOW FOR A WINGED SHADOW LOOK! ON THE @SpoiledLips #FACEBOOK PAGE COME JOIN SAY HI LET JAYCEE KNOW WHERE YOU ARE J‚Ä¶
Silverexim925,2020-07-23 10:57:02,india,"Purple Amethyst Ring, Natural Amethyst Ring, Amethyst Engagement Ring, 925 Silver Rings, 7x9 mm Oval Amethyst Ring

For More Details Visit us:
https://t.co/m4ZCM92Y2e

#rings #jewelry #ring #earrings #jewellery #fashion #silver #accessories #bracelets #love #handmade #bracelet https://t.co/cIGbhxAbnw"
kinox_and,2020-07-27 06:31:13,KINOXROYALE ,"@oloyedey4you @EzinhleIzimbali I follow back ASAP @kinox_and 

#twitter #Tweet #love #funny #MEMES #FolloMe #followme #cute  #fun #music #viral #fup #1DDrive"
ElizabethM2369,2018-11-23 21:40:35,,"RT @WorldMusics1: The most romantic love story isn't Romeo and Juliet who died together, but Grandpa and Grandma who grew old together ...‚Ä¶"
JoseBarros18,2012-01-28 00:22:59,Maracaibo-Venezuela,"RT @CopelandNetwork: ""Love one another with brotherly affection. Outdo one another in showing honor."" - Romans 12:10 ESV

#love #devotion #‚Ä¶"
sinestr54424797,2018-09-08 15:49:16,,RT @RappCatsAdopt: Ylena needs a #latte! üòπ‚òïÔ∏èAlmost as much as she needs an adopter! #CatsOfTwitter #catlovers #catlife #AdoptDontShop #Frid‚Ä¶
Jdgujjar14,2020-04-28 15:52:05,"Gurgaon, India","RT @IWisher1x: Sometimes your Best Feelings Are....‚ù§Ô∏è
.
.
#iwisher1x #shayri #love #poetry #shayari #lovequotes #quotes #mohabbat #sadshaya‚Ä¶"
Silverexim925,2020-07-23 10:57:02,india,"Copper Oyster Turquoise Ring, Sterling Silver Rings, 7x10mm Pear Oyster Turquoise Ring, Turquoise Silver Ring

For More Details Visit us:
https://t.co/m4ZCM92Y2e

#rings #jewelry #ring #earrings #jewellery #fashion #silver #accessories #bracelets #love #handmade #bracelet #style https://t.co/PuNTkD35aQ"
Glams_Radio,2016-07-08 20:04:58,Gibraltar,"#Now playing on @Glams_Radio : #It's Time by #David Aurel, MR V! Tune in now and enjoy sound of #DeepHouse #Love #Music"
gadhiya_hema,2020-06-26 10:00:34,,"RT @BestcheckI: üí∞ Amazon Pay Gift Card Giveaway for 02-07-2021ü§ë

Follow this Steps to Participate &amp; Win Amazon Pay Gift Card üèÜ

#indiagivea‚Ä¶"
Love_Psychic__,2012-03-31 09:22:22,"Plano, TX",RT @meetyourpsychic: Learn the Tarot #love #tarot #spiritual #psychicreading #meetyourpsychic #spirtualtok #selfcare #psychicreadings #taro‚Ä¶
gadhiya_hema,2020-06-26 10:00:34,,"@BestcheckI My Code :- 5zEUBs

@BestcheckI

#indiagiveaway #Bestcheck #BestCheckIndia #love #instagood #giveaway #giveawaycontest 

Join here friends
@MayurMa46334426 
@Rahulrahs 
@Rohith8977 
@cuteushakumari 
@WadhvaniNaina 
@Rupalpiya
@Raghavendra0703 
@handsomeraaj
@jainusha30 
@sengodan4"
kbal3259,2013-03-06 06:45:50,"Baltimore, MD","RT @ShadowDogDesign: A #dog's #love can make every day a good day.

#Dog #BestFriend #DogsAreLove #GoodDay https://t.co/NsGb35WqCB"
birdwriter7,2014-07-30 12:25:00,"Florida, USA","RT @WeissJsw819: Wonderful NEW life. https://t.co/VKL1ZxZSKh

A very happy LINK üëâ https://t.co/IN9IezZ3GH

#book #books #BookBoost #authors‚Ä¶"
priscilla2allen,2020-01-22 21:13:04,"Kampala, Uganda",RT @DPUganda: A huge Thank You to everyone that has so far contributed to our #FeedAFamily campaign. We have started food distribution in K‚Ä¶
deldotto_paula,2017-08-24 00:41:52,,RT @KariJoys: When you speak from your #Heart.. #JoyTrain #Joy #Love #Kindness #Quote #MentalHealth #Mindfulness RT @HOLLYJBIRD https://t.c‚Ä¶
kinox_and,2020-07-27 06:31:13,KINOXROYALE ,"@frankedoho @verified I follow back ASAP @kinox_and 
#twitter #Tweet #love #funny #MEMES #FolloMe #followme #cute  #fun #music #viral #fup #1DDrive"
bmurphypointman,2012-06-25 04:38:20,"Bay Area, CA",#love #earn #money #affiliate #affiliateprogram #affiliatemarketing Check my website for #affiliate #referral #cashback #crypto #shopping #travel #business #dogecoin #bitcoin https://t.co/vBHLD11zwQ
KharkwalPriya,2020-06-24 05:53:27,"Pauri Garhwal, Uttarakhand","Sometimes you meet someone and you know from the first moment that you want to spend your whole life without them.  
#relatable #mood   #followforfollowback #love #motivation #life #inspiration #quoteoftheday"
elopifycom,2021-01-19 01:18:52,,"Travel is my therapy.

üìç Barcelona, Spain

#love #adventureelopements #elopementlove #weddingwire #elopementinspiration #epicelopement #adventure #beautifulplaces #travelcouples #elopify #travelbuddies #travelinspiration #inspiration #elopementbarcelona #barcelonaelopement https://t.co/bawJxRLKo2"
kinox_and,2020-07-27 06:31:13,KINOXROYALE ,"@BEFTrick I follow back ASAP @kinox_and 
#twitter #Tweet #love #funny #MEMES #FolloMe #followme #cute  #fun #music #viral #fup #1DDrive"
Tommy79541049,2019-12-06 20:55:17,Lala land üåàüåà,"RT @obisme83: Retail, by any means Necessary!! üõç‚ù§Ô∏èüë®‚Äçüë®‚Äçüë¶‚Äçüë¶ #tbt #him #twins #love #family #heartbeat #retailtherapy #youngkings  #blackgayda‚Ä¶"
DomainPromotion,2018-08-02 15:07:33,USA,"RT @DomainsRentSale: ‚ô•Ô∏èDomain For Sale
‚ô•Ô∏èhttps://t.co/As0mTySEcu

Sold at #GoDaddy

Appraise Value:
https://t.co/HHXGewXefb

Presented by:‚Ä¶"
ShamelessVet,2020-11-10 01:03:04,America,RT @BuyDirectUSA: Let's give this Air Force Veteran and his family a helping hand. Please give what you can and RT's are always free and ap‚Ä¶
Akai_Yami,2010-12-09 13:46:12,Republic of Slovenia,"RT @OnlyOneOf_intl: &lt;OnlyOneOf Fancafe&gt;
[#Love]

lyOn what are you doing!!

#OnlyOneOf | #Ïò®Î¶¨ÏõêÏò§Î∏å | #Îü¨Î∏å @OnlyOneOf_twt https://t.co/4NDdgiMLdc"
1emawk,2017-10-03 12:48:31,"Ghana, West Africa.","RT @obisme83: Retail, by any means Necessary!! üõç‚ù§Ô∏èüë®‚Äçüë®‚Äçüë¶‚Äçüë¶ #tbt #him #twins #love #family #heartbeat #retailtherapy #youngkings  #blackgayda‚Ä¶"
kinox_and,2020-07-27 06:31:13,KINOXROYALE ,"@callmeroja I follow back ASAP @kinox_and 
#twitter #Tweet #love #funny #MEMES #FolloMe #followme #cute  #fun #music #viral #fup #1DDrive"
AjayAgr32496605,2021-04-09 20:25:19,"Nagpur, India","RT @pinkvilla: No make up day! @eyehinakhan flaunting her glowing skin and how! üòç

#hinakhan #bollywoodstars #love #glow #beautiful #gorgeo‚Ä¶"
NigamaRv,2020-06-27 16:45:15,üî•Hell for now!! Heaven soonüî•,"I‚Äôve another serious question, how many of you believe in soulmates? If you believe what is a soulmate to you? 

#love #Soulmates #amwriting #WritingCommunity #research https://t.co/uj69EB9u6i"
kinox_and,2020-07-27 06:31:13,KINOXROYALE ,"@TheGamerOfDark1 @ImBasharatJr I follow back ASAP @kinox_and 

#twitter #Tweet #love #funny #MEMES #FolloMe #followme #cute  #fun #music #viral #fup #1DDrive"
RidhimaTripath4,2018-03-18 08:37:29,"Gurgaon, India","RT @Shomes_quest: #VideoOfTheDay 
The little princess perfectly portrays the role of her mother as housewife  with her own swag &amp; style.
 üòç‚Ä¶"
tubbyk9tastytr1,2021-05-18 23:44:25,,"Treat your ""good boy"" (or girl), to some of our human grade tasty treats!!
Shop here: https://t.co/c9qSsFj5aw #dogsoftwitter #dogs #puppylove #instadog #doglover #dogoftheday #doglovers #pets #doglife #love #puppylove #pet #puppies https://t.co/4LjCNE8DZU"
peanutbug,2009-03-26 13:06:05,NJ,"RT @ShadowDogDesign: A #dog's #love can make every day a good day.

#Dog #BestFriend #DogsAreLove #GoodDay https://t.co/NsGb35WqCB"
CatsCops,2020-09-30 17:16:27,"Denver, Colorado ","We lost a dear friend this week, Sam Andrew! We are so sad! Please do not forget to check on your loved ones. Have a wonderful weekend!! Love you @catsnotcopsdenver üòªüòªüòªüòª Crisis hotline 1-844-493-8255. #mentalhealth #friends #community #love #savealife

https://t.co/Q4uRbEsX8v https://t.co/nUUhSs4NEM"
ginandtoxicuk,2019-08-02 11:00:50,"Dunfermline, Scotland",Love ‚ù§Ô∏è n friendship is key #love @VanessaVanjie @SilkyGanache #dragrace we love you . Love g #sco #scotland come see us baby ‚ù§Ô∏èüòçüè¥Û†ÅßÛ†Å¢Û†Å≥Û†Å£Û†Å¥Û†Åø https://t.co/PAUknHRMUD
VintageEj,2019-11-10 15:24:02,"Macclesfield, England",When it‚Äôs your turn for beer club and you just missed out on #PrideMonth2021 but still proud ‚úåüèª #sherbet #sour #beer #beerclub #pride #love #vibes #loveislove ‚úåüèª https://t.co/Yt6J1Vp6Wi
DakiniDeviBliss,2009-04-30 10:03:27,"Pensacola, FL","The sad inability or unwillingness to entertain another‚Äôs POV signifies a lack of #empathy. Those loving souls who choose to listen and understand others have learned to care for people in spite of their apparent #differences.
#empathy
#love https://t.co/iAMKh6tODg"
kinox_and,2020-07-27 06:31:13,KINOXROYALE ,"@ItsAriaJudith I follow back ASAP @kinox_and 

#twitter #Tweet #love #funny #MEMES #FolloMe #followme #cute  #fun #music #viral #fup #1DDrive"
ipzn_diaries,2021-05-04 16:42:40,"Mumbai, India","Rhea.. Start counting your last days.
üî™üî´üî™üî´

PARAM SINGH HITS 100K
#IshkParZorNahi #ipzn #Ishqaan #paramsingh #akshitamudgal #parakshita #love #life #happiness #friday"
LekshmiRemyaKr1,2020-09-25 09:44:05,,"RT @Sneha_ramya1: CHANDHRAüíù
.
.
@meramyakrishnan 

#ramyaamma #ramyakrishnan #love #alwaysinmyheart #StaySafe @IdolRamyaK
@akshithaRk @Elia‚Ä¶"
deepakanand,2008-06-10 07:56:16,India,"RT @DeepakChopra: Revelation &amp; Awakening: Being in Love - Sexual Energy and Spiritual Experience

#TotalMeditation #Metahuman #YouAreTheUni‚Ä¶"
SaralynRichard,2012-10-30 20:16:40,"Texas, USA","RT @WeissJsw819: Wonderful NEW life. https://t.co/VKL1ZxZSKh

A very happy LINK üëâ https://t.co/IN9IezZ3GH

#book #books #BookBoost #authors‚Ä¶"
cri420cri,2021-04-05 12:02:23,"Yakima, WA","When someone ignores you but still support you it means you hurt them but they still love you üôÉ
|TAGS| #hurt #love #loyal #FYP"
kinox_and,2020-07-27 06:31:13,KINOXROYALE ,"@UGmanofficial I follow back ASAP @kinox_and 

#twitter #Tweet #love #funny #MEMES #FolloMe #followme #cute  #fun #music #viral #fup #1DDrive"
Marie24373752,2020-03-30 17:28:37,Yorkshire,RT @SDunkule: Love is in the air..#nature #photography #NaturePhotography #EveryoneNeedsNature #twitterphotos #Flowers #hearts #love #GoodV‚Ä¶
SabineSteger,2012-04-07 13:07:09,,RT @KariJoys: Always live with #Kindness! #JoyTrain #Joy #BeKind #Love #Compassion RT @roamingpiscean https://t.co/92BtyZ1iAa
kinox_and,2020-07-27 06:31:13,KINOXROYALE ,"@neezzah I follow back ASAP @kinox_and 
#twitter #Tweet #love #funny #MEMES #FolloMe #followme #cute  #fun #music #viral #fup #1DDrive"
fmaafayette,2013-06-10 18:53:46,"Fayetteville, NC",RT @fmaafayette: üí•Showcasing how Bada## our moms are with board breaking at our 4th annual ‚ÄúTrain With Your Mom Event‚Äù This could be YOU-cl‚Ä¶
int_Klon,2019-05-25 09:31:58,outside the system,"RT @kingavrymusic: Changes(Oh Africa) - https://t.co/VtTPaokrw8

#hope #Zimbabwe #Believe #hopekingavry #SonOfAKing #music #harare #Champio‚Ä¶"
AffiliateTiki,2019-03-12 01:34:49,Israel,"Visit us during #FridaysForFuture 
For better screens view switch to #desktopmode ü§≥‚õ±‚öΩÔ∏èüêï
https://t.co/OMbAgrkDbp
ü§≥üòáüôÑüôÑüôÑüê©üß∏üõçüõíüõçüõç
@EURO2020 #Bitcoin #isolation #covid #quarantine #lockdown #stayhome #coronavirus #socialdistancing #love #corona #staysafe #artfight2021 https://t.co/Sxz6cKFgYK"
bandersdavidson,2016-03-26 16:17:08,Sverige,"RT @ShadowDogDesign: A #dog's #love can make every day a good day.

#Dog #BestFriend #DogsAreLove #GoodDay https://t.co/NsGb35WqCB"
TanjaVanhees,2021-06-12 08:16:17,,"RT @slightlybuddha: Life is about B A L A N C E ! ‚ú®

.
.
.

#balance #love #shoplocal #quoteoftheday #quote #yogaclothes #yogacommunity #yo‚Ä¶"
Mh1vHDRfdwb3Zc6,2018-03-25 07:53:48,,RT @Roseinmygarden1: Such is our #nature that it will not change until we reach the conclusion that we need to change our nature from egois‚Ä¶
mitchconnor0,2020-09-07 18:36:22,,RT @henrikfisker: SOP Countdown begins! On time. No Covid excuses. #fisker #love #evs #esg #countdown #mobility #manufacturing #fiskerocean‚Ä¶
kinox_and,2020-07-27 06:31:13,KINOXROYALE ,"@Niyiafrika02 I follow back ASAP @kinox_and 
#twitter #Tweet #love #funny #MEMES #FolloMe #followme #cute  #fun #music #viral #fup #1DDrive"
LipsIII,2009-03-17 22:55:01,"St. Louis, Missouri","FREED Ned's first stand alone novel.
Order on Amazon or from https://t.co/hru11j9zm8!

#NedLipsAuthor #RESETSeries #Freed #CantPutItDown #TheoriesThoughtsAndThings #FirstStepsAPrequel #PowerfulNovels #FiveStarreview #ILoveToRead #PowerfulWomen #heroine #love #Reset #Entwined  ... https://t.co/80XrsM7ehz"
alionamedia,2015-03-20 19:26:57,"Chicago, IL","Calling all my fans - the best chance to learn about my music is listen to it! I wrote all of my songs,  recorded it,  made my own videos and all that you should do is to share it. Subscribe! https://t.co/syXNlYeL16 Thank you ! I love you!!!!
*
#independentartist #love #music p https://t.co/65LYXxN9zf"
dremeda,2008-04-17 03:18:52,"Menifee, CA","My first customized mechanical keyboard assembly is almost complete. It sounds and feels exactly how I hoped. &lt;3 

GMMK Pro 
Glorious Poly Plate
Bred PBT's
Gat Black Ink V2's
Durock V2 Smokey Stabs

#Keeb #Love #Stank https://t.co/P3aOykNZQu"
MysticWhiteRo,2012-05-19 02:38:17,"Wesson, Mississippi","RT @sbraegger11: ""You are never alone. The force that guides the stars guides you too."" _Shrii Shrii Anandamurti #awareness #Source #creati‚Ä¶"
kinox_and,2020-07-27 06:31:13,KINOXROYALE ,"@Niyiafrika02 @Arakunrin02 I follow back ASAP @kinox_and 
#twitter #Tweet #love #funny #MEMES #FolloMe #followme #cute  #fun #music #viral #fup #1DDrive"
Melody_DeBlois,2014-02-06 15:07:04,,"Undercover in Venice Beach. Release date, July 14th. Published by The Wild Rose Press. #fridaymorning #TWRP #books #NewReleases #NewRead #Series #Beachread #Love #Comedy #poetry https://t.co/NMD2PLDuWT"
SevenShepherd,2016-12-01 02:08:20,,"""And another came, saying, Lord, behold, [here is] thy pound, which I have kept laid up in a napkin:"" ~Luke 19:20 #Jesus #Bible #Love"
kinox_and,2020-07-27 06:31:13,KINOXROYALE ,"@Niyiafrika02 I follow back ASAP @kinox_and 
#twitter #Tweet #love #funny #MEMES #FolloMe #followme #cute  #fun #music #viral #fup #1DDrive"
kinox_and,2020-07-27 06:31:13,KINOXROYALE ,"@Arakunrin02 I follow back ASAP @kinox_and 
#twitter #Tweet #love #funny #MEMES #FolloMe #followme #cute  #fun #music #viral #fup #1DDrive"
kerrymgordon,2009-02-11 11:50:01,Ireland,"RT @pauldunphy: Which is my best side Twitter!?!

Our Gabby - named after the fabulous @GabrielleUk üëåüíì

'Dreams can come true'! üé§

#dogs #a‚Ä¶"
Roy4630,2020-10-09 14:46:18,Rangpur,"I am here to provide Facebook Advertising service for your Business.
https://t.co/kUeqMsEzDr
#facebookmarketing #love #tiktok #follow #instagood #music #socialmediamarketing #digitalmarketing #business #marketing #fashion #followers #insta #m #bhfyp #amazon #facebookmarketer https://t.co/IJDH2UGqCt"
tropbellevntg,2012-04-25 00:22:05,"Los Angeles, California","Weekend plans‚Ä¶.üòé
.
.
.
.
#friday #tgif #tanning #sun #love #weekend #mood #weekendvibes #vintage #vintagephoto #60s #potd #brigittebardot #tropbelle #tropbellevintage #cool #instagood https://t.co/21MR4agB4z"
kinox_and,2020-07-27 06:31:13,KINOXROYALE ,"@Niyiafrika02 @Arakunrin02 I follow back ASAP @kinox_and 

#twitter #Tweet #love #funny #MEMES #FolloMe #followme #cute  #fun #music #viral #fup #1DDrive"
aaawws2,2021-05-19 02:36:55,"Lawrence, KS","I need you to watch this on the soonish
if you like
#highart #darksouls #philosophie #LoveSTAY #love #poetry #poetrycommunity #indiefilm #speculativeFiction #fictionfriday 

sorry for all the hashtags but yeah it's insanely good
https://t.co/HJPHYwdl8o"
theDomainBot,2020-06-08 14:58:49,,"RT @cultpreneur: Hola #Domainers

Two Strong #Brandable #keywords #domainname out now ùêçùê®ùê¨ùê≠ùêöùê•ùê†ùê¢ùêöùê•ùê®ùêØùêû.ùêúùê®ùê¶

#Nostalgia #nostalgialove #love #N‚Ä¶"
VincentCarmich8,2019-02-14 01:42:20,"Las Vegas, NV","RT @DeepakChopra: Revelation &amp; Awakening: Being in Love - Sexual Energy and Spiritual Experience

#TotalMeditation #Metahuman #YouAreTheUni‚Ä¶"
Shoppingupdater,2020-07-26 06:16:53,India,"RT @cultpreneur: Hola #Domainers

Two Strong #Brandable #keywords #domainname out now ùêçùê®ùê¨ùê≠ùêöùê•ùê†ùê¢ùêöùê•ùê®ùêØùêû.ùêúùê®ùê¶

#Nostalgia #nostalgialove #love #N‚Ä¶"
SSprsprdr,2021-01-05 23:52:47,,RT @call_upward: #Trust #God #Believe in #Jesus #Obey God's #revealed #Will #Read God's#Word #Daily #Learn His #Character #Repent #Spread t‚Ä¶
tasaduqrazvi,2016-02-15 17:31:19,,"The strongest people make time to help others, even if they are struggling with their own problems.
#Rumi #Rumiquotes #ShamsTabrizi
#Sufism #Love #inspirationalquotes
#motivationalquotes #motivational
#quote #quotes #quotestoliveby
#heart  #soul
#soulful #motivation"
LadMaf,2020-07-16 04:49:59,,#love #outfit Girls' Sports Cotton Shorts https://t.co/2edkrXtSOX https://t.co/FpRjbltedk
kinox_and,2020-07-27 06:31:13,KINOXROYALE ,"@Niyiafrika02 @Arakunrin02 I follow back ASAP @kinox_and 

#twitter #Tweet #love #funny #MEMES #FolloMe #followme #cute  #fun #music #viral #fup #1DDrive"
caicai18067726,2020-01-10 15:30:32,,"RT @MiJoSi1: üéÇ....Happy Heavenly 60th Birthday to Princess Of Hearts today!...üéÇ

#Diana60 #LadyDiana #HAPPYBIRTHDAY #love #Peace https://t.‚Ä¶"
